{"cameraMode":{"drawMode":0,"name":"Shaded","section":"Shading Mode"},"sceneLighting":true,"audioPlay":false,"sceneViewState":{"m_AlwaysRefresh":false,"showFog":true,"showSkybox":true,"showFlares":true,"showImageEffects":true,"showParticleSystems":true,"showVisualEffectGraphs":true,"m_FxEnabled":true},"in2DMode":false,"pivot":{"x":-0.23315274715423585,"y":-4.7852582931518559,"z":0.46941471099853518},"rotation":{"x":0.4026072025299072,"y":-0.08766227960586548,"z":0.03876955434679985,"w":0.9103423357009888},"size":7.409048080444336,"orthographic":false}